design_id,sequence,identity,mutations
Synzyme_v2_001,MNFPRLSRLMAAAALGGLMAVSAAATAQTNPYARGPNPTAASLEAAAGPFTVRSFTVSRPSGTGAATVYYPTSAGGTVGAIAIVPGYTARQSSIKWWGPRLASHGFVVITIDTNSTLDQPSSRSSQQMAALRQVASLNGTSSSPIYGKVDTARMGVMGWSMGGGGALISAANNPSLKAAAPQAPWDSSTNFASVTVPTLIFACENDSIAPVNSSALPIYDSMSRNAKQFLEINGGSHGCANSGNSNQALIGKKGVAWMKRFMDNGTRYSTFAAENPNSTRVSDFRTANCS,95.86,12
Synzyme_v2_002,MNFPRASRLMAAAVLGGLMAVSAAATAQTNPYARPPNPTAASLEASAGPFTVRSFTVSRPSGYGAGTLYYPTNAGGTVGAIAIVPGYTARQSSIKWLGPRLASHGFVVITIDTGSTLGQPSSRSSQQMAALRQVASLNGTSSSPIYGKVDTARMGAMGWSMGGGGSLISAANNPSLKAAAPQAPWLSSTNFSSVTVPTLVFACENDSIAPVNSSALPIYDSMSRNAKQFLEINGGSHSCANSGNSNQALIGKAGVAWMKRFMDNDTRYSTFACENPNSTRVSDFRTANCS,96.55,10
Synzyme_v2_003,MNFPRASRLMQAAVLGGLMAVSGAATAATNPYARGPAPTAASLEASAGPFTVSSFTVSRPSGYGAGTVYYPTNAGGTVGAIAIAPGYTARQSSIKWWGPRLASHGFVVITIDTNSTLDQPSGRSSQQMAALRQVASLNGTSSSPIYGKVDTARMGVMGWSMGGGGSLISAALNPSLKAAAPQAPWDSSTNFSSVTVPTLIFACENDSIAPVNGSALPIYDSMSRNAKQFLEINGGSHSCANSGNSNQALIGKAGVAWMKRFMDGDTRYSTFACENPNSTRVSDFRTANCS,96.55,10
Synzyme_v2_004,MNFPRASRLMQAAVLGGLMAVSAAATAQTNPYARGPNPAAASLEASAGPFTVRSFTVSRPSGTGAGTVYYPTNAGGTVPAIAIVPGYTARQSSISWWGPRLASHGFVVITPDTNSTLDQPASRSSQQMAALRQVASLNGSSSSPIYGKVDTARMGVMGWSMGGGGSLISAANNPSLKAAAPQAPWDSSTNFSSVTVPTLIFACENDSTAPVNSSALPIYDSLSRNAKQFLEINGGSHSCFNSGNSNQALIGKKGVAWMKRFMDNDTRPSTFACENPNSTRPSDFRTANCS,95.86,12
Synzyme_v2_005,MNFPRASRLMQAAVLGGLMAVSAAATAQTNPYARGPNPTAASLEASAGPFTVRSFTVSRPSGYGSGTVYYPASAGGTVGGIAIVPGYTARQSSIKWWGPRLASHGFVVITIDTNSTLDQPSSRSSQQMAALRQVASLNGTSSSPIYGKVDTARMGVMGWSMGGGLSLISAANNPSLKAAAPQAPWDSSTNFSSVTVPTLIFACENDSIAPVNSSALPIYDSMSRNAKVFLEINGGSHSCFNSGNSNQAAIGKKGVAWMKRFMDNDTGYSTFACANPNSTRVSDFRTANCS,96.55,10
Synzyme_v2_006,MSFPRASRLMQAAVLGGLMAVSAAATAQTNPYARGPNPAAASLEASAGPFTVRSFTVSRPSGYGAGTVYYPTNAGGTVGAIAIVPGYTARQSSIKSWGPRLASHGFVVITIDTNSTLDQPSSPSSAQMAALRQVASLNGTSSSPIYGKVDTARMGVMGHSMGGGGSLISAANNPSLKAAAPQAPWDSSTNFSSVTAPTLIFACENDSIAPVNSSALPIYDAMSRNAKQFLEINGGGHSFAGSGNSNQALIGKKGVAWMKRFMDNDTRYSTFTCENPNSTPVSDFRTANCS,95.52,13
Synzyme_v2_007,MRFPRASRLMQAAVLGGLMAVSAAATAQTNPYARGPNPTAASLEASAGGFTVRSFTVSRPSGYGAGTVYYPTNAGGTVGAIAIVPGYTARQSSIKWWAPRLASHGFVVVTIDTNGTLDQPSSRSSQQMAALRQVASLNGTSSSPIYGKVDTARMGVMGWSMGGGGSLISAANNPSLKAAVPQAPWDSSTNFSSVTVPTLIFACENDSIAPVNSSALAIYDSMSRNAKQFLEINGGSHSCANSGSSNQALIGKKGVAWMKRFMDNGTRYSTFACENPNSTRVSDARTANCS,96.55,10
Synzyme_v2_008,MNFPRASRLMQAAVLGGLLAVSAAATAQTNPYARGPNPTAASLEASSGPFTVRSFTVSRPSGYGAGTVYYPTNAGGTVGAIAVVPGYTARQSSIKWWGPRLASHGFVVITIDTNSTGDQPSSRSSQQMAALRQVASLNGTSSSPIYGKVDTARMGVMGWSMGGGGSLISAANNPSLKAAAPQAPWDSSTNFSSVKVPTLIFACENDSIAPVNSSALPIYDSMSRNAKQFLEVNGGSHSFANGGNSNQALIGKKGVAWMKRFMDNDTRYSTFACENPNATRVSDFRTANCS,96.9,9
Synzyme_v2_009,MNFPRASRLMQAAVLGGLMAVPAAATAATAPYARGPAPTAASLEASAGPFTVRSVTVSRPSGYGAGTVYYPTNAGGTVGAIAIVPGYTGRQSSIKWWGPRLASHGFVVITIDTNSTLDQPSSRSSQQMAALRQVASLNGTSSSPIAGKVDTARMGVMGWSMGGGGSLISAANNPSLKAAAPQAPWDSSTNFSSVTVPTLIFACENDSIAPVNSSALPIYDAMSRNAKQFLEINGGSHSCANSGNSNQALIAKKGVAWMKRFMDNDTRYSTFACENPNSSRVSAFRTASCS,95.86,12
Synzyme_v2_010,MNFPRASRLMQAAVLGGLMAVSAAATAQTNPYARGPNPTAASLEASAGPFTVRSFTVSRPSGYGSGTVYYPTSAGGPVGAIAIVPGYTARQSSIKWWGPRLASHGFVVITIDTNSTLDQPSSRSSQQMAALRQVASLNGTSSSPIYGKVDTARVGVMGWSMGGGGSLISAANNPSLKAAAPQAPWDSSTNFSSLTVPTLIFACENDSIVPVNGSALPIYDSMSRNAKQFLEINGGSHSCANSGNPNQALIGKKGVAWMKRFMDNDTRPSTFACENPNSTRVSDFRTANCS,96.9,9
Synzyme_v2_011,MNFPRASRLLQAAVLGGLMAVSAAATAQTNPYARGPNPTAATLESSAGPFTVRSFTVSRPSGYGAGTVYYPTNAGGTVGAIAIVPGYTARQSSIKWWGSRLASHGFVVITIDTNSTLDQPSSRSSQQMAALRQVRSLNGTSSNPIYGKVDTARMGVMGHSMGGGGSLISAANNPSLKAAAPQAPWDSSTNFSSVTVPTLIFACENDSIAPVNSSALPIADSMSRNAKQFLEINGGSHSCANSGNSNQALIGKKGVAWMKSFMDNDTRYSTFACENPNSTPVSDFRTANCS,96.55,10
Synzyme_v2_012,MNFPRASRLMQAAVLGGLMAVSAAATAQTNPYARGPNPTAASLEASAGPFTVRSFTVSRPSGYGAGTVYYPTNAGGTVGAIAIVPGYTARQSSIKWWGPRLASHGFVVVTIDTNSTLDQTSSRSSQQLAALRQVASLNGTSSSPIYGKVDTARMGVMGWSMGGGGSLISAANNPSLKAAAPQAPWDSSTNFSSVTVPTLIIVCENDSTAPVNSSALPIYDSMSRNAKQFLEIPGGSHSCANAGNSNQALIGKKGVAWMKRFMDNGTRYSTFACENPNSTRVSDFRTANCS,96.9,9
Synzyme_v2_013,MNFPRASRLMQAALLGGLMAVSAAATAQTNPYARGPNPTAASAEASAGPFTVRSFTVSRPSGYGAGTVYYPTNAGGTVGAVAIVPGYTARQSSIKWWGPRLASHGFVVITIDTNSTLDQPSSPSSQQMAALKQVASLNGTSGSPIYGKVDTARMGVAGWSMGGGGSLISAANNPSLKAAAPQAPWDSSTNFSSVTVPTLIFACENDPLAPVNGSALPIYDSMSRNAKQFLEINGGSHSCANSGNSNQALAGKKGVAWMKRFMDNDTRYSTFACENPNSTRVSDFRTANCS,96.21,11
Synzyme_v2_014,MNFPRASRLMQAAVLGGLLAVSAAATAQTNPYARGPNPTAASLEASAGPFTVSSFTVSRPSGYGAGTVYYPTNAGGTVGAIAIVPGYGARQSSIKWWGPRLASHGFVVITIDTNSTLDQPSSRSAQQMAALRQVASLNGTSSSPIYGRVDTARMGVMGHSMGGGGSLISAANNPSLKAAAPQAPWDSSTNFSSVTVPTLIFACENDSIAPYNSSALPIYDSMSPNAKTFLEINGGSHSCANSGNSNQAAIGKKGVAWMKRFMDNDTRYSTFACENPNSTRVSDFRTANCS,96.55,10
Synzyme_v2_015,MNFPRASRLMQAAVLAGLLAVSAAATAQTNPYARGPNPTAASAEASAGPFTVRSFTVSRPSGYGAGTVYYPTNAGGTVGAIAIVPGYTARQSSIKWWGPRLASHGFVVITIDTNSTLDQPSSRSSQQMAALRQVAALNGTSSSPIYGRVDTARMGVMGWSMGGGGSLISAANNPSLKAAAPQAPWDSSTNFSSVTVPTLIFACENDSIAPVNSSALPIYDSMSRNAKQFLEINGGSHSCAGSGNSNQALIGKKGVAWMKRFMDNDTRYSTFTCENPASTRVSDFRTANCS,97.24,8
Synzyme_v2_016,MNFRRASRLMQAAVLGGLMAVSAAATAQTNPYARGPNATAAALEASAAPFTVRSFTVSRPSGYGAGTVYYPTNAGGTVGAIAIVPGYTARQSSIKWWGPRLASHGFVVITIDTNSTLDQSSSRSSQQMAALRQVASLNGTSSSGIYGKVDTARMGVMGWSMGGGLSLISAANNPSLKAAAPQAPWDSSTNFSSVTVPTLIFACENDSIAPVNSSALPIYDSMSRNAKVFLEIPGGSHSCANSGNSNQALIGKKGVAWMKRFMDNDTRYSTFACENPNSTRVSDFRTANCS,96.9,9
Synzyme_v2_017,MNFPRASRLMQAAVLGALMLASAAATAQTNPYARGPNPTAASLEASAGPFTVRSFTVSRPSGYGAGTVYYPTNAGGTVGAIAIVPGYTARQSSIKWWAPRLASHGFVVITIDTNSTLDQPTSRSSQQMAALRQVASLNGTSSSPIYGKVDTARMGVMGWSMGGGGSLISAANNPSLKAAAPQAPWDSSTNFSSVTVPTLIFACENDSIAPVNSGALPIYDSMSRNAKQFLEVNGGGHSCANSGNSNAALIGKKGVAWMNRFMDNDTRYSTFACENPNSTRVSDFRTANCS,96.55,10
Synzyme_v2_018,MNRPRASRLMQAAVLGGLMAASAAATAQTNPYARGPNPTAASLEASAGPFTVRSFTVSRPSGYGAATVYYPTNAGGTVGAIAIVPGYTARQSSIKWWGPRLASHGFVVITIDTNSTLDQPTSRSSQQMAALRQVASLNATSSSPYYGKVDTARMGVMGWSMGGGGSLISAANNPSLKAAAPQAPWDSSTNLSSVTVPTLIFACENDSIAPYNSSALPIYNSMSRNAKQFLEINGGSHSCANSGNSNQAAIGKKGVAWFKRFMDNDTRYSTFACENPNSTRVSDFRTANCS,96.21,11
Synzyme_v2_019,MRFPRASRLMQAAVLGGLMAVSGAATAQTNPYARGPNPTAASLEASAGPFTVRSFTVSRPSGYGAGTVYYPTNAGGTVGAIAIVPGYTARQSDIKSWGPRLASHGFVVITIDTNSTLDQPSSPSSQQMAALRQVASLNGTSSSPIYGKVDTARMGVMGWSMGGGLSLISAANNPSLKAAAPQAPWDSSTNFSSVTVPTLIFACENDSIAPVNSSAKPIYDSMSRNAKQFLEINGGSHSCANSGNSNQALAGKKGVAWMKRFLDNDTRYSTFACENPNSTRVSDFRTANCS,96.9,9
Synzyme_v2_020,MNFPRASRLMQAAVLGGLMAVSAAATAQTNPYARGPNPTAASLEASAGGFTVRSFTVPRPSGYGAGTVYYPTNAGGTVGAIAIVPGYTARQSSIKWWGPRLASHGFVVITIDTNSTLDQSSSRSSQQMAALRQVRSLNGTSSSPIYGKVDTARVGVMGWSMGGGGSLISAAANPSLKAAAPQAPWDSSTNFSSVTVPTLIFACENDSIAPVNSSALPIYDSMSRNAKQFVEINGGSHSCANSGNSSQALIGKKGVAWMKRFMDNDTRYSTFACENPNSTRVSDFRTANCS,97.24,8
Synzyme_v2_021,MNFPRASRLMQAAVLGGLMAVSAAATAQTNPYARGPNPAAASLEASAGPFTVRSFTVSRPSGYGAGTVYYPTNAGGTVGAIAIVPGYTARQSSLKWWGPRLASHGFVVITIDTNSTLDQPSSRSSQQMAALRQVASLNGTSSSPIYGKVDTARMGVAGWSMGGGGSLISAAANPSLKAAAPQAPWDSSTNFSSVTVPTLIFACENDSIAPVNSGALPAYDSMSRNAKQFLEINGGSHSCANSGNSNQALIGKKGVAWMKRFMDNDTRYSTFACENPNSTRVSDARTANCS,97.59,7
Synzyme_v2_022,MNFPRASRLMQAAVLGGLMAVSAAATAQTNPYAAGANPTAASLSASAGPFTVRSFTVSRPSGYGAGTVYYPTNAGGTVGAIAIVPGYTASQSSIKWWGPRLASHGFVVITIDTNSTGDQPSSRSSQQMAALRQVASLNGTSSSPIYGKVDTARMGVMGWSMGGGGSLISAANNPSLKAAAPQAPWDSSTNFSSVTVPTLIFACENDSIAPVNSSALPIYDSMSRNAKQVLEINGGSHSCANSGSSNQALIGKKGVAWMQRFMDNDTRYSTFTCENPNSTRVSDFRTANCS,96.9,9
Synzyme_v2_023,MNFPRASRLMQAAVLGGLMAVSAAATAQTNPYARGPNATAASLEASAGPFTVRSFTVSRPSGYGTGTVYYPTNASGTVGAIAIVPGYTARQSSIKWWGPRLASHGFVVITIDTNSTLDQPSSRSSQQMAALRQVRSLNATSSSPIYGKVDTARMGVMGWSMGGGGSLIAAANNPSLKAAAPQAPWDSSTNFSSVTVPTLIFACENDSIAPVNSSALPIYDSMSRNAKQVLEINGGSHSCANSGNSNQALIGKKGLAWMKRFMDNDTRYSTFACENPNSTRVSDFRTANCS,97.24,8
Synzyme_v2_024,MNFPRASRLMQAAVLGGLMAVSAAAQAQTNPYARGPNPTAASLEASAGPFTVRSFTVSRPSGYGAGTVYYPTNAGGTVGAIAIVPGYTARQSSIKSWGPRLASHGFVVITIDTNSTLDQPSSRSSQQMAALRQVASLNATSSSPIYGKVDTARMGVMGWSMGGGGSLIAAANNPSLKAAAPQAPWDSSTNFSSVTVPTLIFAGENDSIAPVNSSALPIYDSMSRNAKVFLEINGGSHSCANSGNSNQALIGKKGVAWMKRFLDNDVRYSTFACENPNATRVSDFRTANCS,96.9,9
Synzyme_v2_025,MNRPRASRLMQAAVLGALMAVSAPATAQTNPYARGPNPTAASLEASAGPFTVSSFTVSRPSGYGAGTVYYPTNAGGTVGAIAIVPGYTARQSSLKWLGPRLASHGFVVITIDTNSTLDQPSSRSSQQMAALRQVASLNGTSSNPIYGKVDTSRMGVMGWSMGGGGSLISAANNPSLKAAAPQAPWDPSTNFSSVTVPTLIFACENDSIAPVNSSALPIYDSMSRNAKQVLEINGGSHSCANGGNSSQALIGKKGVAWMKRFMDNDTRPSTFACENPNSTRVSDFRTANCS,95.52,13
Synzyme_v2_026,MRFPRASRLMQAAVLGGLMLVSAAATAQTNPYARGPNPAAASLEASAGPFTVRSFTVSRPSGYGAGTVYYPTNASGTVGAIVIVPGYGARQSSIKWWGPYLASHGFVVITIDTNSTLDQPSGRSSQQMAALRQVASLNGTSSSPIYGKVDTARMGAMGWSMGGGGSLISAANNPSLKAAAPQAPWDSSTDFSSVTVPTLIFACENDSTAPVNSSALPIYDSMSRNAKQFLEINGGSHSCANSGNSNQALIGKKGVAWMKRFMDNDTRYSTPACENPNSTRVSDFRTANCS,95.86,12
Synzyme_v2_027,MNFPRASRLMQAAVLGGLMAVSAAATAQTNPYARGPNPTAASLEASSGPFTVRSFTVSRPSGYGAGTVYYPTSAGGTVGAIAIVPGYTARQSSLKWWGPRLASHGFVVITPDTNSTLDQPSSRPSQQMAALRQVASLAGTSSSPYLGKVDTARMGVMGWSMGGGGSLISAANNPSLKAAAPQAPWDSSTNFSSVKVPTLVFACENDSIAPVNSSALPIYDSMSRNAKVFLEINGGSHSCANSGNSNQALIGKKGVAWMKRFMDNDTRYSTFACENPNSTRVSDFRTANCS,96.21,11
Synzyme_v2_028,MNFPRASRLMAAAVLGGLMAVSAAATAQTNPYARGPNPTAASLEVSSGPFTVRSFTVSRPSGYGAGTVYYPTNAGGTVGAIAIVPGYTARQSSIKWWGPRLASHGFVVVTIDTNSTLDQPSSRSSQQLAALRQVASLNGTSSSPIYGKVDTARMGVMGWSMGGGGSLISAANNPSLKAAAPQAPWDSSTNFSSVTVPTLIFACENDSIAPVNSSALPIYDSMSRNAKQFVEINGGSHSCANSGNSNQALAGKKGVAWMKRFMDNDTRYSTFACENANSTRVSDFRTANCS,97.24,8
Synzyme_v2_029,MNFSRLSRLLQAAVLGGLMAVSAAATAQTNPYARGPNPTAASAEASSGPFTVRSFTVSRPSGYGAGTVYYPTNAGGTVGAIVIVPGYTARQSSIKWWGPRLASHGFVVITIDTNNTLDQPSSRSSQQMAALRQVASLNGTSSSPIYGKVDTARMGVMGHSMGGGGSLISAANNPSLKAAAPIAPWDSSTNFSSVTVPTLIFACENDSIAPVNSSALPIYDSMSRNAKQFLEINGGSHSCANSGNSNQAAIGKKGVAWMKRFMDNDTRYSTFACENANSTRVSDFRTANCS,96.21,11
Synzyme_v2_030,MNFPRASRLMQAALLGGLMAVSAAATAQTNPYARPPNPTAASLEASAGPFTVRSFTVSRPSGYGAGTVYYPTNAGGTVGAIAIVPGYTARQSSIKWWGPRLASHGFVVITIDTNSTLDQPSSRSSQQMAALRQVASLNGTGSSPIYGKVDTARMGVMGWSMGGGLSLLSAANNPSLKAAAPQAPWDSSTNFSSVTVPTLIFACENDSIAPVNSSALPIYDSMSRNAKQVLEINGGSHSCANSGSSNQALIGKKGVAWMKRFMDNDTRYSTFACENANSTRVSDFRPANCS,96.9,9
Synzyme_v2_031,MNFPRASRLMQAAVLAGLMAVSAAATAQTNPYARGPNPTAASLEASAGPFTVRSFTVSRPSGYGAGTVYYPTNAGGTVGAIAIVPGYTARQSSIKWWGPRLASHGFVVVTIDTNSTLDQPSSRSSQQMAALRQVASLNGTSSSPIYGKVDTARMGVMGWSMGGGGSLISAANNPSLKAAAPQAPWDSSTNFSSVTVPTLIFACENDSIAPVNSSALAIYDSMSRPAKQFLEINGGSHSCAASGNSNQALIGKKGVAWMKRFMDNDTRYSTFACENPNSTRVSDFATANCS,97.93,6
Synzyme_v2_032,MNFPRASRLMQAAVLGALLAVSAAATAQTNPYARGPNPTAASLEASAGPFTVRSFTVSRPSGYGAGTVYYPTNAGGTVPAIAIVPGYTARQSSIKWWGPRLASHGFVVITIDTNSTLDQPSSRSSQQMAALRQVASLNATSSSPIYGKVDTARVGVMGWSMGGGGSLISAANNPSLKAAAPQAPWDSSTNFSSVTVPTLIFACENDSIAPVNSSALPIADSMSRNAKQFLEINGGSHSCANSGNSNQALAGKKGVAWMQRFMDNDTRYSTFACENPNSTRVSDFATANCS,96.9,9
Synzyme_v2_033,MNFPRASRLMQAAVLGGLMAVSAAATAQTNPYARGPAPTAASLEASAGPFTVRSFTVSRPSGYGAGTVYYPTNAGGTVGAIAIVPGYTARQSSIKWWGPRLASHGFVVITIDTNSTLDQPSSRSSQQMAALRQVASLNGTSSSPIYGKVDTARMGVMGWSMGGGGSLISAANNPSLKAAAPQAPWDSSTPFSSVTVPTLIFACENDSIAPVNSSALPIADSMSRNAKQFLEINGGSHSCANSGNSNQALIGKKGVAWMKRFMDNDTRYSTFACPAPNSTRVSDFRTANCS,98.28,5
Synzyme_v2_034,MNFPRASRLMQAAVLGGLMLVSAAATAQTNPYARGPNPAAASLEASAGPFTVRSFTVSRPSGYGAGTVYYPTNAGGTVGAIAIVPGYTASQSSIKWWGPRLASHGFVVITIDTNSTLDNPSSRSSQQMAALRQVASLNGTSGSPIYGKVDTARMGVMGWSMGGGGSLISAANNPLLKAVAPQAPWDSSTNFSSVTVPTLIFACENDSIAPVNSSALPIYDSMGRNAKQFLEINGGSHSCANSGNSNQALIGKKGVAWMKRFMDNDTRYSTFACENPNSTRVSDFRTANAS,96.9,9
Synzyme_v2_035,MRFPRASRLMQAAVLGGLMAVSAAATAQTNPYARGPNPTAASLEASAGPFTVRSFTVSRPSGYGAGTVYYPTNAGGTVGAIAIVPGYTARQSSIKWWGPYLASHGFVVITIDTNSTLDQPSSRSSQQMAALRQVASLNGTSSSPIAGKVDTARMGVMGWSMGGGGSLISAANNPSLKAAAPQAPWDSSTNFSSVTVPTLIFACENDSIAPVNSSALPIYDSMSGNAKQFLEINGGGHSCANSGNSNQALIGKKGVAWMKRFMDNDTRYSTFACENPNSTRVSDFRTANCS,98.28,5
Synzyme_v2_036,MNFPRASRLMQAAVLGGLMAVSAAATAQTNPYARGPAPTAASLEASAGPFTVRSFTVSRPSGYGAGTVYYPTSAGGTVGAIAVVHGYTARQSSISWWGPRLASHGFVVITIDTNSTLDQPTSPSSAQMAALRQVASLNGTSSSPIAGKVDTARMGVMGWSMGGGGSLISAANNPSLKAAAPQAPWDSSTNFSSVTVPTLIFACENDSIAPVNSSALPIYDSMSRNAKQFLEINGGSHSCAASGNSNQALIGKKGVAWMKRFMDNDTRYSTFACENPASTRVSDFRTANCR,95.86,12
Synzyme_v2_037,MNFPRASRLMQAAVLGALMAVSAAASAQANPYARGPNPTAASLEAAAGPFTVRSFTVSRPSGYGAGTVYYPTNAGGTVGAIAIAPGYTARQSSIKWWGPRLASHGFVVITPDTNSTLDQPSSRSSQQMAALRQVASLNGTSSSPIYGKVDTARMGVMGWSMGGGGSLIAAANNPSLKAAAPQAPWDSSTNFSSVTVPTLIFACENDSIAPVNSSALPIYNAMSRNAKQFLEINGGSHGCANSGNSNQADIAKKGVAWMKRFMDNDTRYSTFACENPNSTRVSDFRTANCS,95.86,12
Synzyme_v2_038,MNFPRASRLMQAAVLGGLMALSAAATAQTNPYARGPNPTAASLEASASPFTVRSFTVSRPSGYGAGTVYYPTNAGGPVPAIAIVPGYGARQSSIKWWGPRLASHGFVVITIDTNSTLDNPSSRSSQQMAALRQVASLNGTSSSGIYGKVDTARMGVMGWSMGGGGSLISAANNPSLKAAAPQAPWDSSTNLSSVTVPTLIFACENDSIVPVNSSAKPIYDSMSRNAKQFLEINGGSHSCANSGNSNQALIGKKGVAWMKRFMDNDTRYSTFACENPNSTRVSDFRTANCS,96.55,10
Synzyme_v2_039,MNFPRASRLMQAAVLGGLMAVSAAATAQTNPYARGPNPTAASLEASAGPFTVRSFTVSRPSGYGAGTVYYPTNAGGTVGAIAIVPGYTARQSSIKWWGSRLASHGFVVITIDTNSTLDQPSSRSSQQMAALRQVASLNGTSSSPIAGKVDTARMGVMGWSMGGGGSLISAANNPSLKAAAPQAPWDSSTNFSSVTVPTLIFACENDSIVPVNSSALPIYDSMSRPAKQVLEINGGSHGCFNSGNSNQALIGKKAVAWMKRFMDNDTRYSTFACENPNSTRVSDFRTANCS,97.24,8
Synzyme_v2_040,MNFPRASRLMQAAVLGGLMAVSAAATAQTNPAARGPNPTAASLEASAGPFTVRSFTVSRPSGYGAGTVYYPTNAGGPVGAIAIAPGYTARQSSIKWWGPRLASHGFVVITIDTNSTGDQPSSRPSQQMAALKQVRSLNGTSGSPILGKVDTARMGVMGWSMGGGGSLISAANNPSLKAAAPQAPWDSSTNFSSVTVPTLIFACENDSIAPVNSSALPIYDSMSRNAKQFLEINGGSHSCANSGNSSQALIGKKGVAWMKRFLDNDTRYSTFACENPNSTRVSDPRTANCS,95.86,12
Synzyme_v2_041,MNFPRASRLMQAAVLGGLMAVSAAATAQTNPYARGPNPTAASLPASAGPFTVRSFTVSRPSGYGAGTVYYPTNAGGTVGAIAIVPGYTARQSSIKWWGPRLASHGFVVITPDTNSTLDQPSSRSSAQMAALRQVASLNGTSSSPIYGKVDTARMGVMGWSMGGGGSLISAANNPSLKAAAPQAPWDSSTNFSSVTVPTLIFACENDSIAPVNSSAKPIYDSMSRNAKQFLEINGGSHSCANSGNPNAALAAKKGVAWMKRFMDNDVRYTTFACENPNSTRVSDFATANCS,96.21,11
Synzyme_v2_042,MNFPRARRLAQAAVLGGLMAVSGAATAQTAPYARGPNPTAASLEASAGPFTVSSFTVSRPSGYGAATVYYPTNAGGTVGAIAIVPGYTARQSSIKWWGPRLASHGFVVITIDTNSTLDQPSSRSSQQMAALKQVASLNGTSSSPIYGKVDTARMGVMGWSMGGGGALISAANNPSLKAAAPQAPWDSSTNFSSVTVPTLIFACENDSIAPVNSSALPIYDSMSRPAKQFLEINGGSHSCANSGNSNQALIGKKGVDWMKRFMDNDTRYSTFACANPNSTRVSSFRTANCS,95.86,12
Synzyme_v2_043,MNFPRASRLMQAAVLGGLMAVSAAATAQTNPYARGPAPAAASLEASAGPFTVRSFTVSRPSGYGTGTVYYPTNAGGTVGAIAIVPGYTGRQSSIKWWGPRLASHGFVVITIDTNSTLDQPSSRSSQQMAALRQVRSLNGTSSGGIYGKVDTARMGVMGWSMGGGGSLISAANNPSLKAAAPQYPWDSSTNFSSVTVPTLIFACENDPIAPVNSSALPIYDSMSRNAKQFLEINGGSHSCANSGNSNQALAAKKGVAWMKRFMDNDTRYSTFACENPNSTRVSAFRTANCS,95.86,12
Synzyme_v2_044,MNFPRASRLMQAAVLGGLMAVSAAATAQANPYARPPNPTAASLEASAGPFTVRSFTVSRPSGYGAGTVYYPTNAGGTVGAIAIVPGYTARQSSIKWWGPRLASHGFVVITIDTNSTLDQPSSRSSQQMAALRAVASLNGTSSSPIYGKVDTSRMGVMGWSMGGGGSLISAANNPSLKAAAPQAPWDSSTNFSSVTVPTLIFACENDSTAPVNSSALPIYDSMSPNAKQFLEINGGSHSCANSGNSNQALIGKKGVAWMKRFMDNDTRYSTFACENPNSTRVSDFRTANCS,97.93,6
Synzyme_v2_045,MNFPRASRLMQAAVLGGLMAVSAAATAQTNPYARGPNPTAASLEASAGPFTVRSFTVSRPSGYGAGTVYYPTNAGGTNGAIAIVPGYTARQSSIKWWGPRLASHGFVVITIDTNSTLDQPSSPSSQQMAALRQVASLNGTSSSGIAGKVDTARMGVMGWSMGGGLSLISAANNPSLKAAAPQAPWDSSTNFSSVTVPTLIFACENDSIAPVNSSALPIYDSMSRNAKQFLEINGGSHSCANSGNPNQALIGKAGVAWMKRFLDNDTRYSTFACENPNSPAVSDFRTANCS,96.55,10
Synzyme_v2_046,MNFPRASRLMQAALLGGLMAVSAAATAQTNPYARGPNPTAASLEASAGPFTVRSFTVSRPSGYGAGTVYYPTNAGGTVGAIAIVPGYTASQSSIKWWGPRLASHGFVVITIDTNSTLDQPSSRSSQQMAALRQVASLNGTSSSPIYGKVDTARMGVMGWSMGGGGSLISAANNPSLKAAVPQYPWDSSTNFSSVTVPTLIFACENDSIAPVNSSALPIYDSMSRNAKQFVEIPGGNHSCAASGNSNQALIGKKGVAWMKRFMDNDTGYSTFACENPNSTRVSDFRTANCR,96.55,10
Synzyme_v2_047,MNRPRASRLMQALVLGGLMAVSAAATAQTNPYARGPNPTAASLEASAGGFTVRSVTVSRPSSYGAGTVYYPTNAGGTNGAVAIVPGYTARQSSIKWWGPRLASHGFVVITIDTNSTLGQPSSRSSQQMAALRQVASLNGTSSSPIYGRVDTARMGVMGWSMGGGGSLISAANNPSLKAAAPQAPWDSSTNFSSVTVPTLIFACENDSTAPVNSSALPIYDSMSRNAKQFLEINGGSHSCANGGNSNQALIGKAGVAWMKRFMDNDTRYSTFACENPNSTRVSDFRTANCS,95.86,12
Synzyme_v2_048,MNFPRASRLMAAAVLGGLMAVPAAATAQANPYARGANPTAASLEASAGPFTVRSFTVPRPSGYGAATVYYPTNAGGTVGAIVIVPGYTARQSSIKWWGPRLASHGFVVITIDTNSTLDQPSSRSSQQMAALRQVASLNGTSSSPIYGKVDTARMGVMGWSMGGGGSLISAANNPSLKAAAPQAPWDSSTNFSSVTVPTLIFAGENDSIAPVNSSALPIYDSMSRNAKQFLEIPGGSHSCANSGNSNQALIGKKAVAWMKRFMDGDTRYSTFACENPNSTRVSDFRTANRS,95.86,12
Synzyme_v2_049,MNFPRASRLMQAAVLGGLMLVSAAATAQTNPYARGPNPTAASLESSAGPFTVRSFTVSRPSGYGAGTVYYPTNAGGTVGAIAIVPGYTASQSSIKWWGPRLASHGFVVIAIDTNSTLDQPSSRSSQQMAALRQVASLNGTSGSPIYGKVDTSRIGVMGWSMGGGGSLISAANNPSLKAAAPIAPWDSSTNFSSVTVPTLIFACENDSIAPVNSSALPIYDSMSRNAKQFLEINGGSHSCANSGSSNQALIGKKGVAWMKRFMDNDTRYSTFACENPNSTRVSDFRTANCS,96.9,9
Synzyme_v2_050,MNFPRASRLMQAAVLGGLMAVSAAATAQTNPYARGPNPTAASLEASAGPFTVRSFTVSRPSGYGAGTVYYPTNAGGTVGAIAIVPGYTARQSDIKWWGPRLASHGFVVITIDTNGTLDQPTSRSSQQMAALRAVASLAGTGSSPIYGKVDTARMGVMGWSMGGGGSLISAANNPSLKAAAPQAPWDSSANFSSVTVPTLIFACENDSIAPVNSSALPIYDSMSRNAKQFLEINGGSHSCAGSGNSNQALIGKAGLAWMKRFMDNDTRYSTFACENPNSTRVSDFRTANCS,96.55,10
